{
 "chain5_updown_cutout_w80_t2_r3": {
  "t": 2.0,
  "r": 3.0,
  "W": 80.0,
  "flats": [
   40,
   30,
   120,
   30,
   40,
   20
  ],
  "bends": [
   [
    90,
    "up"
   ],
   [
    90,
    "up"
   ],
   [
    90,
    "up"
   ],
   [
    90,
    "down"
   ],
   [
    37,
    "down"
   ]
  ],
  "clen": 307.71582852167,
  "notch": {
   "x": [
    30,
    60
   ],
   "y": [
    25,
    55
   ],
   "depth": 15.0,
   "cut_center_len": 25.283185307179707
  },
  "analytic_volume_mm3": 48476.03700425181
 },
 "strip66x3_r5notch_w75_t6_r4": {
  "t": 6.0,
  "r": 4.0,
  "W": 75.0,
  "flats": [
   60,
   40,
   40,
   60
  ],
  "bends": [
   [
    66,
    "down"
   ],
   [
    66,
    "up"
   ],
   [
    66,
    "down"
   ]
  ],
  "clen": 224.19026343264142,
  "r5": {
   "center_x": 55,
   "edge": "z=W",
   "vol": 235.61944901923448
  },
  "analytic_volume_mm3": 100649.99909566942
 },
 "flange_tree_100x100_t2_r3": {
  "t": 2.0,
  "r": 3.0,
  "area": 9550.0,
  "edges": {
   "x": 70,
   "y": 70,
   "diag": 42.42640687119285
  },
  "hf": {
   "x": 25.0,
   "y": 25.0,
   "diag": 15.0
  },
  "analytic_volume_mm3": 29665.23004472507
 }
}